event-id,visible,timestamp,location-long,location-lat,sensor-type,individual-taxon-canonical-name,tag-local-identifier,individual-local-identifier,study-name
9800000000,true,2011-12-19 00:00:00.000,14.04,45.56,gps,Canis lupus,Slavc,Slavc,Slavc Dispersal (approx.)
9800000001,true,2011-12-19 03:30:39.000,14.021184,45.551637,gps,Canis lupus,Slavc,Slavc,Slavc Dispersal (approx.)
9800000002,true,2011-12-19 07:01:19.000,14.002367,45.543274,gps,Canis lupus,Slavc,Slavc,Slavc Dispersal (approx.)
9800000003,true,2011-12-19 10:31:59.000,13.983551,45.534912,gps,Canis lupus,Slavc,Slavc,Slavc Dispersal (approx.)
9800000004,true,2011-12-19 14:02:38.000,13.964735,45.526549,gps,Canis lupus,Slavc,Slavc,Slavc Dispersal (approx.)
9800000005,true,2011-12-19 17:33:18.000,13.945401,45.518978,gps,Canis lupus,Slavc,Slavc,Slavc Dispersal (approx.)
9800000006,true,2011-12-19 21:03:58.000,13.924198,45.514266,gps,Canis lupus,Slavc,Slavc,Slavc Dispersal (approx.)
9800000007,true,2011-12-20 00:34:37.000,13.902994,45.509554,gps,Canis lupus,Slavc,Slavc,Slavc Dispersal (approx.)
9800000008,true,2011-12-20 04:05:17.000,13.881791,45.504842,gps,Canis lupus,Slavc,Slavc,Slavc Dispersal (approx.)
9800000009,true,2011-12-20 07:35:57.000,13.860588,45.500131,gps,Canis lupus,Slavc,Slavc,Slavc Dispersal (approx.)
9800000010,true,2011-12-20 11:06:36.000,13.847542,45.487542,gps,Canis lupus,Slavc,Slavc,Slavc Dispersal (approx.)
9800000011,true,2011-12-20 14:37:16.000,13.834729,45.474729,gps,Canis lupus,Slavc,Slavc,Slavc Dispersal (approx.)
9800000012,true,2011-12-20 18:07:56.000,13.821916,45.461916,gps,Canis lupus,Slavc,Slavc,Slavc Dispersal (approx.)
9800000013,true,2011-12-20 21:38:35.000,13.833732,45.450845,gps,Canis lupus,Slavc,Slavc,Slavc Dispersal (approx.)
9800000014,true,2011-12-21 01:09:15.000,13.849879,45.44008,gps,Canis lupus,Slavc,Slavc,Slavc Dispersal (approx.)
9800000015,true,2011-12-21 04:39:55.000,13.866026,45.429316,gps,Canis lupus,Slavc,Slavc,Slavc Dispersal (approx.)
9800000016,true,2011-12-21 08:10:34.000,13.882816,45.419296,gps,Canis lupus,Slavc,Slavc,Slavc Dispersal (approx.)
9800000017,true,2011-12-21 11:41:14.000,13.903735,45.414066,gps,Canis lupus,Slavc,Slavc,Slavc Dispersal (approx.)
9800000018,true,2011-12-21 15:11:54.000,13.924654,45.408837,gps,Canis lupus,Slavc,Slavc,Slavc Dispersal (approx.)
9800000019,true,2011-12-21 18:42:33.000,13.945573,45.403607,gps,Canis lupus,Slavc,Slavc,Slavc Dispersal (approx.)
9800000020,true,2011-12-21 22:13:13.000,13.966491,45.398377,gps,Canis lupus,Slavc,Slavc,Slavc Dispersal (approx.)
9800000021,true,2011-12-22 01:43:53.000,13.98741,45.393147,gps,Canis lupus,Slavc,Slavc,Slavc Dispersal (approx.)
9800000022,true,2011-12-22 05:14:32.000,14.007214,45.393607,gps,Canis lupus,Slavc,Slavc,Slavc Dispersal (approx.)
9800000023,true,2011-12-22 08:45:12.000,14.02533,45.402665,gps,Canis lupus,Slavc,Slavc,Slavc Dispersal (approx.)
9800000024,true,2011-12-22 12:15:52.000,14.043447,45.411724,gps,Canis lupus,Slavc,Slavc,Slavc Dispersal (approx.)
9800000025,true,2011-12-22 15:46:31.000,14.061564,45.420782,gps,Canis lupus,Slavc,Slavc,Slavc Dispersal (approx.)
9800000026,true,2011-12-22 19:17:11.000,14.079681,45.429841,gps,Canis lupus,Slavc,Slavc,Slavc Dispersal (approx.)
9800000027,true,2011-12-22 22:47:51.000,14.097798,45.438899,gps,Canis lupus,Slavc,Slavc,Slavc Dispersal (approx.)
9800000028,true,2011-12-23 02:18:31.000,14.095006,45.453319,gps,Canis lupus,Slavc,Slavc,Slavc Dispersal (approx.)
9800000029,true,2011-12-23 05:49:10.000,14.08932,45.46848,gps,Canis lupus,Slavc,Slavc,Slavc Dispersal (approx.)
9800000030,true,2011-12-23 09:19:50.000,14.083634,45.483642,gps,Canis lupus,Slavc,Slavc,Slavc Dispersal (approx.)
9800000031,true,2011-12-23 12:50:30.000,14.077949,45.498803,gps,Canis lupus,Slavc,Slavc,Slavc Dispersal (approx.)
9800000032,true,2011-12-23 16:21:09.000,14.072263,45.513965,gps,Canis lupus,Slavc,Slavc,Slavc Dispersal (approx.)
9800000033,true,2011-12-23 19:51:49.000,14.061717,45.527426,gps,Canis lupus,Slavc,Slavc,Slavc Dispersal (approx.)
9800000034,true,2011-12-23 23:22:29.000,14.047957,45.539763,gps,Canis lupus,Slavc,Slavc,Slavc Dispersal (approx.)
9800000035,true,2011-12-24 02:53:08.000,14.034197,45.5521,gps,Canis lupus,Slavc,Slavc,Slavc Dispersal (approx.)
9800000036,true,2011-12-24 06:23:48.000,14.020436,45.564437,gps,Canis lupus,Slavc,Slavc,Slavc Dispersal (approx.)
9800000037,true,2011-12-24 09:54:28.000,14.006676,45.576773,gps,Canis lupus,Slavc,Slavc,Slavc Dispersal (approx.)
9800000038,true,2011-12-24 13:25:07.000,13.992915,45.58911,gps,Canis lupus,Slavc,Slavc,Slavc Dispersal (approx.)
9800000039,true,2011-12-24 16:55:47.000,13.979155,45.601447,gps,Canis lupus,Slavc,Slavc,Slavc Dispersal (approx.)
9800000040,true,2011-12-24 20:26:27.000,13.965395,45.613784,gps,Canis lupus,Slavc,Slavc,Slavc Dispersal (approx.)
9800000041,true,2011-12-24 23:57:06.000,13.951634,45.626121,gps,Canis lupus,Slavc,Slavc,Slavc Dispersal (approx.)
9800000042,true,2011-12-25 03:27:46.000,13.937874,45.638458,gps,Canis lupus,Slavc,Slavc,Slavc Dispersal (approx.)
9800000043,true,2011-12-25 06:58:26.000,13.924113,45.650795,gps,Canis lupus,Slavc,Slavc,Slavc Dispersal (approx.)
9800000044,true,2011-12-25 10:29:05.000,13.910353,45.663132,gps,Canis lupus,Slavc,Slavc,Slavc Dispersal (approx.)
9800000045,true,2011-12-25 13:59:45.000,13.896593,45.675469,gps,Canis lupus,Slavc,Slavc,Slavc Dispersal (approx.)
9800000046,true,2011-12-25 17:30:25.000,13.882832,45.687805,gps,Canis lupus,Slavc,Slavc,Slavc Dispersal (approx.)
9800000047,true,2011-12-25 21:01:04.000,13.869072,45.700142,gps,Canis lupus,Slavc,Slavc,Slavc Dispersal (approx.)
9800000048,true,2011-12-26 00:31:44.000,13.855312,45.712479,gps,Canis lupus,Slavc,Slavc,Slavc Dispersal (approx.)
9800000049,true,2011-12-26 04:02:24.000,13.841551,45.724816,gps,Canis lupus,Slavc,Slavc,Slavc Dispersal (approx.)
9800000050,true,2011-12-26 07:33:03.000,13.827791,45.737153,gps,Canis lupus,Slavc,Slavc,Slavc Dispersal (approx.)
9800000051,true,2011-12-26 11:03:43.000,13.81403,45.74949,gps,Canis lupus,Slavc,Slavc,Slavc Dispersal (approx.)
9800000052,true,2011-12-26 14:34:23.000,13.80027,45.761827,gps,Canis lupus,Slavc,Slavc,Slavc Dispersal (approx.)
9800000053,true,2011-12-26 18:05:03.000,13.78651,45.774164,gps,Canis lupus,Slavc,Slavc,Slavc Dispersal (approx.)
9800000054,true,2011-12-26 21:35:42.000,13.787162,45.786566,gps,Canis lupus,Slavc,Slavc,Slavc Dispersal (approx.)
9800000055,true,2011-12-27 01:06:22.000,13.800755,45.799026,gps,Canis lupus,Slavc,Slavc,Slavc Dispersal (approx.)
9800000056,true,2011-12-27 04:37:02.000,13.814348,45.811486,gps,Canis lupus,Slavc,Slavc,Slavc Dispersal (approx.)
9800000057,true,2011-12-27 08:07:41.000,13.827941,45.823946,gps,Canis lupus,Slavc,Slavc,Slavc Dispersal (approx.)
9800000058,true,2011-12-27 11:38:21.000,13.841534,45.836406,gps,Canis lupus,Slavc,Slavc,Slavc Dispersal (approx.)
9800000059,true,2011-12-27 15:09:01.000,13.855126,45.848866,gps,Canis lupus,Slavc,Slavc,Slavc Dispersal (approx.)
9800000060,true,2011-12-27 18:39:40.000,13.868719,45.861326,gps,Canis lupus,Slavc,Slavc,Slavc Dispersal (approx.)
9800000061,true,2011-12-27 22:10:20.000,13.882312,45.873786,gps,Canis lupus,Slavc,Slavc,Slavc Dispersal (approx.)
9800000062,true,2011-12-28 01:41:00.000,13.895905,45.886246,gps,Canis lupus,Slavc,Slavc,Slavc Dispersal (approx.)
9800000063,true,2011-12-28 05:11:39.000,13.909498,45.898706,gps,Canis lupus,Slavc,Slavc,Slavc Dispersal (approx.)
9800000064,true,2011-12-28 08:42:19.000,13.92309,45.911166,gps,Canis lupus,Slavc,Slavc,Slavc Dispersal (approx.)
9800000065,true,2011-12-28 12:12:59.000,13.936683,45.923626,gps,Canis lupus,Slavc,Slavc,Slavc Dispersal (approx.)
9800000066,true,2011-12-28 15:43:38.000,13.950276,45.936086,gps,Canis lupus,Slavc,Slavc,Slavc Dispersal (approx.)
9800000067,true,2011-12-28 19:14:18.000,13.963869,45.948546,gps,Canis lupus,Slavc,Slavc,Slavc Dispersal (approx.)
9800000068,true,2011-12-28 22:44:58.000,13.977462,45.961007,gps,Canis lupus,Slavc,Slavc,Slavc Dispersal (approx.)
9800000069,true,2011-12-29 02:15:37.000,13.991054,45.973467,gps,Canis lupus,Slavc,Slavc,Slavc Dispersal (approx.)
9800000070,true,2011-12-29 05:46:17.000,14.004647,45.985927,gps,Canis lupus,Slavc,Slavc,Slavc Dispersal (approx.)
9800000071,true,2011-12-29 09:16:57.000,14.01824,45.998387,gps,Canis lupus,Slavc,Slavc,Slavc Dispersal (approx.)
9800000072,true,2011-12-29 12:47:36.000,14.035891,46.007945,gps,Canis lupus,Slavc,Slavc,Slavc Dispersal (approx.)
9800000073,true,2011-12-29 16:18:16.000,14.054145,46.017072,gps,Canis lupus,Slavc,Slavc,Slavc Dispersal (approx.)
9800000074,true,2011-12-29 19:48:56.000,14.072399,46.026199,gps,Canis lupus,Slavc,Slavc,Slavc Dispersal (approx.)
9800000075,true,2011-12-29 23:19:35.000,14.090653,46.035327,gps,Canis lupus,Slavc,Slavc,Slavc Dispersal (approx.)
9800000076,true,2011-12-30 02:50:15.000,14.108907,46.044454,gps,Canis lupus,Slavc,Slavc,Slavc Dispersal (approx.)
9800000077,true,2011-12-30 06:20:55.000,14.127161,46.053581,gps,Canis lupus,Slavc,Slavc,Slavc Dispersal (approx.)
9800000078,true,2011-12-30 09:51:34.000,14.145415,46.062708,gps,Canis lupus,Slavc,Slavc,Slavc Dispersal (approx.)
9800000079,true,2011-12-30 13:22:14.000,14.16367,46.071835,gps,Canis lupus,Slavc,Slavc,Slavc Dispersal (approx.)
9800000080,true,2011-12-30 16:52:54.000,14.181924,46.080962,gps,Canis lupus,Slavc,Slavc,Slavc Dispersal (approx.)
9800000081,true,2011-12-30 20:23:34.000,14.200178,46.090089,gps,Canis lupus,Slavc,Slavc,Slavc Dispersal (approx.)
9800000082,true,2011-12-30 23:54:13.000,14.218432,46.099216,gps,Canis lupus,Slavc,Slavc,Slavc Dispersal (approx.)
9800000083,true,2011-12-31 03:24:53.000,14.23176,46.11176,gps,Canis lupus,Slavc,Slavc,Slavc Dispersal (approx.)
9800000084,true,2011-12-31 06:55:33.000,14.244624,46.124624,gps,Canis lupus,Slavc,Slavc,Slavc Dispersal (approx.)
9800000085,true,2011-12-31 10:26:12.000,14.257489,46.137489,gps,Canis lupus,Slavc,Slavc,Slavc Dispersal (approx.)
9800000086,true,2011-12-31 13:56:52.000,14.270354,46.150354,gps,Canis lupus,Slavc,Slavc,Slavc Dispersal (approx.)
9800000087,true,2011-12-31 17:27:32.000,14.283219,46.163219,gps,Canis lupus,Slavc,Slavc,Slavc Dispersal (approx.)
9800000088,true,2011-12-31 20:58:11.000,14.296083,46.176083,gps,Canis lupus,Slavc,Slavc,Slavc Dispersal (approx.)
9800000089,true,2012-01-01 00:28:51.000,14.308948,46.188948,gps,Canis lupus,Slavc,Slavc,Slavc Dispersal (approx.)
9800000090,true,2012-01-01 03:59:31.000,14.321813,46.201813,gps,Canis lupus,Slavc,Slavc,Slavc Dispersal (approx.)
9800000091,true,2012-01-01 07:30:10.000,14.334678,46.214678,gps,Canis lupus,Slavc,Slavc,Slavc Dispersal (approx.)
9800000092,true,2012-01-01 11:00:50.000,14.341221,46.229156,gps,Canis lupus,Slavc,Slavc,Slavc Dispersal (approx.)
9800000093,true,2012-01-01 14:31:30.000,14.343303,46.244772,gps,Canis lupus,Slavc,Slavc,Slavc Dispersal (approx.)
9800000094,true,2012-01-01 18:02:09.000,14.345385,46.260389,gps,Canis lupus,Slavc,Slavc,Slavc Dispersal (approx.)
9800000095,true,2012-01-01 21:32:49.000,14.347467,46.276006,gps,Canis lupus,Slavc,Slavc,Slavc Dispersal (approx.)
9800000096,true,2012-01-02 01:03:29.000,14.34955,46.291622,gps,Canis lupus,Slavc,Slavc,Slavc Dispersal (approx.)
9800000097,true,2012-01-02 04:34:08.000,14.351632,46.307239,gps,Canis lupus,Slavc,Slavc,Slavc Dispersal (approx.)
9800000098,true,2012-01-02 08:04:48.000,14.353714,46.322856,gps,Canis lupus,Slavc,Slavc,Slavc Dispersal (approx.)
9800000099,true,2012-01-02 11:35:28.000,14.355796,46.338472,gps,Canis lupus,Slavc,Slavc,Slavc Dispersal (approx.)
9800000100,true,2012-01-02 15:06:07.000,14.357879,46.354089,gps,Canis lupus,Slavc,Slavc,Slavc Dispersal (approx.)
9800000101,true,2012-01-02 18:36:47.000,14.359961,46.369706,gps,Canis lupus,Slavc,Slavc,Slavc Dispersal (approx.)
9800000102,true,2012-01-02 22:07:27.000,14.373275,46.382327,gps,Canis lupus,Slavc,Slavc,Slavc Dispersal (approx.)
9800000103,true,2012-01-03 01:38:06.000,14.386806,46.394891,gps,Canis lupus,Slavc,Slavc,Slavc Dispersal (approx.)
9800000104,true,2012-01-03 05:08:46.000,14.400336,46.407455,gps,Canis lupus,Slavc,Slavc,Slavc Dispersal (approx.)
9800000105,true,2012-01-03 08:39:26.000,14.413866,46.420019,gps,Canis lupus,Slavc,Slavc,Slavc Dispersal (approx.)
9800000106,true,2012-01-03 12:10:06.000,14.427396,46.432582,gps,Canis lupus,Slavc,Slavc,Slavc Dispersal (approx.)
9800000107,true,2012-01-03 15:40:45.000,14.440927,46.445146,gps,Canis lupus,Slavc,Slavc,Slavc Dispersal (approx.)
9800000108,true,2012-01-03 19:11:25.000,14.454457,46.45771,gps,Canis lupus,Slavc,Slavc,Slavc Dispersal (approx.)
9800000109,true,2012-01-03 22:42:05.000,14.467987,46.470274,gps,Canis lupus,Slavc,Slavc,Slavc Dispersal (approx.)
9800000110,true,2012-01-04 02:12:44.000,14.481517,46.482838,gps,Canis lupus,Slavc,Slavc,Slavc Dispersal (approx.)
9800000111,true,2012-01-04 05:43:24.000,14.495048,46.495401,gps,Canis lupus,Slavc,Slavc,Slavc Dispersal (approx.)
9800000112,true,2012-01-04 09:14:04.000,14.49006,46.507179,gps,Canis lupus,Slavc,Slavc,Slavc Dispersal (approx.)
9800000113,true,2012-01-04 12:44:43.000,14.474382,46.518502,gps,Canis lupus,Slavc,Slavc,Slavc Dispersal (approx.)
9800000114,true,2012-01-04 16:15:23.000,14.458704,46.529825,gps,Canis lupus,Slavc,Slavc,Slavc Dispersal (approx.)
9800000115,true,2012-01-04 19:46:03.000,14.443026,46.541148,gps,Canis lupus,Slavc,Slavc,Slavc Dispersal (approx.)
9800000116,true,2012-01-04 23:16:42.000,14.427348,46.552471,gps,Canis lupus,Slavc,Slavc,Slavc Dispersal (approx.)
9800000117,true,2012-01-05 02:47:22.000,14.411669,46.563794,gps,Canis lupus,Slavc,Slavc,Slavc Dispersal (approx.)
9800000118,true,2012-01-05 06:18:02.000,14.395991,46.575117,gps,Canis lupus,Slavc,Slavc,Slavc Dispersal (approx.)
9800000119,true,2012-01-05 09:48:41.000,14.380313,46.586441,gps,Canis lupus,Slavc,Slavc,Slavc Dispersal (approx.)
9800000120,true,2012-01-05 13:19:21.000,14.364635,46.597764,gps,Canis lupus,Slavc,Slavc,Slavc Dispersal (approx.)
9800000121,true,2012-01-05 16:50:01.000,14.348957,46.609087,gps,Canis lupus,Slavc,Slavc,Slavc Dispersal (approx.)
9800000122,true,2012-01-05 20:20:40.000,14.333279,46.62041,gps,Canis lupus,Slavc,Slavc,Slavc Dispersal (approx.)
9800000123,true,2012-01-05 23:51:20.000,14.316872,46.631043,gps,Canis lupus,Slavc,Slavc,Slavc Dispersal (approx.)
9800000124,true,2012-01-06 03:22:00.000,14.296431,46.637856,gps,Canis lupus,Slavc,Slavc,Slavc Dispersal (approx.)
9800000125,true,2012-01-06 06:52:39.000,14.27599,46.64467,gps,Canis lupus,Slavc,Slavc,Slavc Dispersal (approx.)
9800000126,true,2012-01-06 10:23:19.000,14.255549,46.651484,gps,Canis lupus,Slavc,Slavc,Slavc Dispersal (approx.)
9800000127,true,2012-01-06 13:53:59.000,14.235108,46.658297,gps,Canis lupus,Slavc,Slavc,Slavc Dispersal (approx.)
9800000128,true,2012-01-06 17:24:38.000,14.214668,46.665111,gps,Canis lupus,Slavc,Slavc,Slavc Dispersal (approx.)
9800000129,true,2012-01-06 20:55:18.000,14.204805,46.672937,gps,Canis lupus,Slavc,Slavc,Slavc Dispersal (approx.)
9800000130,true,2012-01-07 00:25:58.000,14.221819,46.683334,gps,Canis lupus,Slavc,Slavc,Slavc Dispersal (approx.)
9800000131,true,2012-01-07 03:56:37.000,14.238833,46.693732,gps,Canis lupus,Slavc,Slavc,Slavc Dispersal (approx.)
9800000132,true,2012-01-07 07:27:17.000,14.255847,46.704129,gps,Canis lupus,Slavc,Slavc,Slavc Dispersal (approx.)
9800000133,true,2012-01-07 10:57:57.000,14.272862,46.714526,gps,Canis lupus,Slavc,Slavc,Slavc Dispersal (approx.)
9800000134,true,2012-01-07 14:28:37.000,14.289876,46.724924,gps,Canis lupus,Slavc,Slavc,Slavc Dispersal (approx.)
9800000135,true,2012-01-07 17:59:16.000,14.30689,46.735321,gps,Canis lupus,Slavc,Slavc,Slavc Dispersal (approx.)
9800000136,true,2012-01-07 21:29:56.000,14.323904,46.745719,gps,Canis lupus,Slavc,Slavc,Slavc Dispersal (approx.)
9800000137,true,2012-01-08 01:00:36.000,14.340918,46.756116,gps,Canis lupus,Slavc,Slavc,Slavc Dispersal (approx.)
9800000138,true,2012-01-08 04:31:15.000,14.357932,46.766514,gps,Canis lupus,Slavc,Slavc,Slavc Dispersal (approx.)
9800000139,true,2012-01-08 08:01:55.000,14.374946,46.776911,gps,Canis lupus,Slavc,Slavc,Slavc Dispersal (approx.)
9800000140,true,2012-01-08 11:32:35.000,14.393735,46.785656,gps,Canis lupus,Slavc,Slavc,Slavc Dispersal (approx.)
9800000141,true,2012-01-08 15:03:14.000,14.413276,46.793702,gps,Canis lupus,Slavc,Slavc,Slavc Dispersal (approx.)
9800000142,true,2012-01-08 18:33:54.000,14.432816,46.801748,gps,Canis lupus,Slavc,Slavc,Slavc Dispersal (approx.)
9800000143,true,2012-01-08 22:04:34.000,14.452356,46.809794,gps,Canis lupus,Slavc,Slavc,Slavc Dispersal (approx.)
9800000144,true,2012-01-09 01:35:13.000,14.471896,46.817839,gps,Canis lupus,Slavc,Slavc,Slavc Dispersal (approx.)
9800000145,true,2012-01-09 05:05:53.000,14.491436,46.825885,gps,Canis lupus,Slavc,Slavc,Slavc Dispersal (approx.)
9800000146,true,2012-01-09 08:36:33.000,14.510976,46.833931,gps,Canis lupus,Slavc,Slavc,Slavc Dispersal (approx.)
9800000147,true,2012-01-09 12:07:12.000,14.530516,46.841977,gps,Canis lupus,Slavc,Slavc,Slavc Dispersal (approx.)
9800000148,true,2012-01-09 15:37:52.000,14.549977,46.850042,gps,Canis lupus,Slavc,Slavc,Slavc Dispersal (approx.)
9800000149,true,2012-01-09 19:08:32.000,14.542058,46.86475,gps,Canis lupus,Slavc,Slavc,Slavc Dispersal (approx.)
9800000150,true,2012-01-09 22:39:11.000,14.534138,46.879458,gps,Canis lupus,Slavc,Slavc,Slavc Dispersal (approx.)
9800000151,true,2012-01-10 02:09:51.000,14.526219,46.894165,gps,Canis lupus,Slavc,Slavc,Slavc Dispersal (approx.)
9800000152,true,2012-01-10 05:40:31.000,14.518299,46.908873,gps,Canis lupus,Slavc,Slavc,Slavc Dispersal (approx.)
9800000153,true,2012-01-10 09:11:10.000,14.51038,46.923581,gps,Canis lupus,Slavc,Slavc,Slavc Dispersal (approx.)
9800000154,true,2012-01-10 12:41:50.000,14.50246,46.938288,gps,Canis lupus,Slavc,Slavc,Slavc Dispersal (approx.)
9800000155,true,2012-01-10 16:12:30.000,14.494541,46.952996,gps,Canis lupus,Slavc,Slavc,Slavc Dispersal (approx.)
9800000156,true,2012-01-10 19:43:09.000,14.486621,46.967704,gps,Canis lupus,Slavc,Slavc,Slavc Dispersal (approx.)
9800000157,true,2012-01-10 23:13:49.000,14.47648,46.98088,gps,Canis lupus,Slavc,Slavc,Slavc Dispersal (approx.)
9800000158,true,2012-01-11 02:44:29.000,14.45501,46.986247,gps,Canis lupus,Slavc,Slavc,Slavc Dispersal (approx.)
9800000159,true,2012-01-11 06:15:09.000,14.433541,46.991615,gps,Canis lupus,Slavc,Slavc,Slavc Dispersal (approx.)
9800000160,true,2012-01-11 09:45:48.000,14.412072,46.996982,gps,Canis lupus,Slavc,Slavc,Slavc Dispersal (approx.)
9800000161,true,2012-01-11 13:16:28.000,14.390603,47.002349,gps,Canis lupus,Slavc,Slavc,Slavc Dispersal (approx.)
9800000162,true,2012-01-11 16:47:08.000,14.369133,47.007717,gps,Canis lupus,Slavc,Slavc,Slavc Dispersal (approx.)
9800000163,true,2012-01-11 20:17:47.000,14.347664,47.013084,gps,Canis lupus,Slavc,Slavc,Slavc Dispersal (approx.)
9800000164,true,2012-01-11 23:48:27.000,14.326195,47.018451,gps,Canis lupus,Slavc,Slavc,Slavc Dispersal (approx.)
9800000165,true,2012-01-12 03:19:07.000,14.304725,47.023819,gps,Canis lupus,Slavc,Slavc,Slavc Dispersal (approx.)
9800000166,true,2012-01-12 06:49:46.000,14.283256,47.029186,gps,Canis lupus,Slavc,Slavc,Slavc Dispersal (approx.)
9800000167,true,2012-01-12 10:20:26.000,14.261787,47.034553,gps,Canis lupus,Slavc,Slavc,Slavc Dispersal (approx.)
9800000168,true,2012-01-12 13:51:06.000,14.240317,47.039921,gps,Canis lupus,Slavc,Slavc,Slavc Dispersal (approx.)
9800000169,true,2012-01-12 17:21:45.000,14.218848,47.045288,gps,Canis lupus,Slavc,Slavc,Slavc Dispersal (approx.)
9800000170,true,2012-01-12 20:52:25.000,14.197414,47.050724,gps,Canis lupus,Slavc,Slavc,Slavc Dispersal (approx.)
9800000171,true,2012-01-13 00:23:05.000,14.176234,47.056655,gps,Canis lupus,Slavc,Slavc,Slavc Dispersal (approx.)
9800000172,true,2012-01-13 03:53:44.000,14.155054,47.062585,gps,Canis lupus,Slavc,Slavc,Slavc Dispersal (approx.)
9800000173,true,2012-01-13 07:24:24.000,14.133873,47.068515,gps,Canis lupus,Slavc,Slavc,Slavc Dispersal (approx.)
9800000174,true,2012-01-13 10:55:04.000,14.112693,47.074446,gps,Canis lupus,Slavc,Slavc,Slavc Dispersal (approx.)
9800000175,true,2012-01-13 14:25:43.000,14.091513,47.080376,gps,Canis lupus,Slavc,Slavc,Slavc Dispersal (approx.)
9800000176,true,2012-01-13 17:56:23.000,14.070333,47.086307,gps,Canis lupus,Slavc,Slavc,Slavc Dispersal (approx.)
9800000177,true,2012-01-13 21:27:03.000,14.049152,47.092237,gps,Canis lupus,Slavc,Slavc,Slavc Dispersal (approx.)
9800000178,true,2012-01-14 00:57:42.000,14.027972,47.098168,gps,Canis lupus,Slavc,Slavc,Slavc Dispersal (approx.)
9800000179,true,2012-01-14 04:28:22.000,14.006792,47.104098,gps,Canis lupus,Slavc,Slavc,Slavc Dispersal (approx.)
9800000180,true,2012-01-14 07:59:02.000,13.985611,47.110029,gps,Canis lupus,Slavc,Slavc,Slavc Dispersal (approx.)
9800000181,true,2012-01-14 11:29:41.000,13.964431,47.115959,gps,Canis lupus,Slavc,Slavc,Slavc Dispersal (approx.)
9800000182,true,2012-01-14 15:00:21.000,13.943057,47.121543,gps,Canis lupus,Slavc,Slavc,Slavc Dispersal (approx.)
9800000183,true,2012-01-14 18:31:01.000,13.921269,47.126385,gps,Canis lupus,Slavc,Slavc,Slavc Dispersal (approx.)
9800000184,true,2012-01-14 22:01:41.000,13.899481,47.131226,gps,Canis lupus,Slavc,Slavc,Slavc Dispersal (approx.)
9800000185,true,2012-01-15 01:32:20.000,13.877693,47.136068,gps,Canis lupus,Slavc,Slavc,Slavc Dispersal (approx.)
9800000186,true,2012-01-15 05:03:00.000,13.855905,47.14091,gps,Canis lupus,Slavc,Slavc,Slavc Dispersal (approx.)
9800000187,true,2012-01-15 08:33:40.000,13.834117,47.145752,gps,Canis lupus,Slavc,Slavc,Slavc Dispersal (approx.)
9800000188,true,2012-01-15 12:04:19.000,13.812329,47.150594,gps,Canis lupus,Slavc,Slavc,Slavc Dispersal (approx.)
9800000189,true,2012-01-15 15:34:59.000,13.790541,47.155435,gps,Canis lupus,Slavc,Slavc,Slavc Dispersal (approx.)
9800000190,true,2012-01-15 19:05:39.000,13.768753,47.160277,gps,Canis lupus,Slavc,Slavc,Slavc Dispersal (approx.)
9800000191,true,2012-01-15 22:36:18.000,13.746965,47.165119,gps,Canis lupus,Slavc,Slavc,Slavc Dispersal (approx.)
9800000192,true,2012-01-16 02:06:58.000,13.725177,47.169961,gps,Canis lupus,Slavc,Slavc,Slavc Dispersal (approx.)
9800000193,true,2012-01-16 05:37:38.000,13.703389,47.174802,gps,Canis lupus,Slavc,Slavc,Slavc Dispersal (approx.)
9800000194,true,2012-01-16 09:08:17.000,13.681601,47.179644,gps,Canis lupus,Slavc,Slavc,Slavc Dispersal (approx.)
9800000195,true,2012-01-16 12:38:57.000,13.660416,47.174405,gps,Canis lupus,Slavc,Slavc,Slavc Dispersal (approx.)
9800000196,true,2012-01-16 16:09:37.000,13.63928,47.168366,gps,Canis lupus,Slavc,Slavc,Slavc Dispersal (approx.)
9800000197,true,2012-01-16 19:40:16.000,13.618143,47.162327,gps,Canis lupus,Slavc,Slavc,Slavc Dispersal (approx.)
9800000198,true,2012-01-16 23:10:56.000,13.597006,47.156287,gps,Canis lupus,Slavc,Slavc,Slavc Dispersal (approx.)
9800000199,true,2012-01-17 02:41:36.000,13.57587,47.150248,gps,Canis lupus,Slavc,Slavc,Slavc Dispersal (approx.)
9800000200,true,2012-01-17 06:12:15.000,13.554733,47.144209,gps,Canis lupus,Slavc,Slavc,Slavc Dispersal (approx.)
9800000201,true,2012-01-17 09:42:55.000,13.533596,47.13817,gps,Canis lupus,Slavc,Slavc,Slavc Dispersal (approx.)
9800000202,true,2012-01-17 13:13:35.000,13.512459,47.132131,gps,Canis lupus,Slavc,Slavc,Slavc Dispersal (approx.)
9800000203,true,2012-01-17 16:44:14.000,13.491323,47.126092,gps,Canis lupus,Slavc,Slavc,Slavc Dispersal (approx.)
9800000204,true,2012-01-17 20:14:54.000,13.470186,47.120053,gps,Canis lupus,Slavc,Slavc,Slavc Dispersal (approx.)
9800000205,true,2012-01-17 23:45:34.000,13.449049,47.114014,gps,Canis lupus,Slavc,Slavc,Slavc Dispersal (approx.)
9800000206,true,2012-01-18 03:16:13.000,13.427913,47.107975,gps,Canis lupus,Slavc,Slavc,Slavc Dispersal (approx.)
9800000207,true,2012-01-18 06:46:53.000,13.406776,47.101936,gps,Canis lupus,Slavc,Slavc,Slavc Dispersal (approx.)
9800000208,true,2012-01-18 10:17:33.000,13.387843,47.093369,gps,Canis lupus,Slavc,Slavc,Slavc Dispersal (approx.)
9800000209,true,2012-01-18 13:48:12.000,13.369949,47.083608,gps,Canis lupus,Slavc,Slavc,Slavc Dispersal (approx.)
9800000210,true,2012-01-18 17:18:52.000,13.352055,47.073848,gps,Canis lupus,Slavc,Slavc,Slavc Dispersal (approx.)
9800000211,true,2012-01-18 20:49:32.000,13.334161,47.064088,gps,Canis lupus,Slavc,Slavc,Slavc Dispersal (approx.)
9800000212,true,2012-01-19 00:20:12.000,13.316268,47.054328,gps,Canis lupus,Slavc,Slavc,Slavc Dispersal (approx.)
9800000213,true,2012-01-19 03:50:51.000,13.298374,47.044568,gps,Canis lupus,Slavc,Slavc,Slavc Dispersal (approx.)
9800000214,true,2012-01-19 07:21:31.000,13.28048,47.034807,gps,Canis lupus,Slavc,Slavc,Slavc Dispersal (approx.)
9800000215,true,2012-01-19 10:52:11.000,13.262586,47.025047,gps,Canis lupus,Slavc,Slavc,Slavc Dispersal (approx.)
9800000216,true,2012-01-19 14:22:50.000,13.244693,47.015287,gps,Canis lupus,Slavc,Slavc,Slavc Dispersal (approx.)
9800000217,true,2012-01-19 17:53:30.000,13.226799,47.005527,gps,Canis lupus,Slavc,Slavc,Slavc Dispersal (approx.)
9800000218,true,2012-01-19 21:24:10.000,13.208905,46.995766,gps,Canis lupus,Slavc,Slavc,Slavc Dispersal (approx.)
9800000219,true,2012-01-20 00:54:49.000,13.191011,46.986006,gps,Canis lupus,Slavc,Slavc,Slavc Dispersal (approx.)
9800000220,true,2012-01-20 04:25:29.000,13.171217,46.98,gps,Canis lupus,Slavc,Slavc,Slavc Dispersal (approx.)
9800000221,true,2012-01-20 07:56:09.000,13.148383,46.98,gps,Canis lupus,Slavc,Slavc,Slavc Dispersal (approx.)
9800000222,true,2012-01-20 11:26:48.000,13.125549,46.98,gps,Canis lupus,Slavc,Slavc,Slavc Dispersal (approx.)
9800000223,true,2012-01-20 14:57:28.000,13.102715,46.98,gps,Canis lupus,Slavc,Slavc,Slavc Dispersal (approx.)
9800000224,true,2012-01-20 18:28:08.000,13.079881,46.98,gps,Canis lupus,Slavc,Slavc,Slavc Dispersal (approx.)
9800000225,true,2012-01-20 21:58:47.000,13.057047,46.98,gps,Canis lupus,Slavc,Slavc,Slavc Dispersal (approx.)
9800000226,true,2012-01-21 01:29:27.000,13.034213,46.98,gps,Canis lupus,Slavc,Slavc,Slavc Dispersal (approx.)
9800000227,true,2012-01-21 05:00:07.000,13.011379,46.98,gps,Canis lupus,Slavc,Slavc,Slavc Dispersal (approx.)
9800000228,true,2012-01-21 08:30:46.000,12.988545,46.98,gps,Canis lupus,Slavc,Slavc,Slavc Dispersal (approx.)
9800000229,true,2012-01-21 12:01:26.000,12.965711,46.98,gps,Canis lupus,Slavc,Slavc,Slavc Dispersal (approx.)
9800000230,true,2012-01-21 15:32:06.000,12.942877,46.98,gps,Canis lupus,Slavc,Slavc,Slavc Dispersal (approx.)
9800000231,true,2012-01-21 19:02:45.000,12.920043,46.98,gps,Canis lupus,Slavc,Slavc,Slavc Dispersal (approx.)
9800000232,true,2012-01-21 22:33:25.000,12.897249,46.979683,gps,Canis lupus,Slavc,Slavc,Slavc Dispersal (approx.)
9800000233,true,2012-01-22 02:04:05.000,12.874736,46.977085,gps,Canis lupus,Slavc,Slavc,Slavc Dispersal (approx.)
9800000234,true,2012-01-22 05:34:44.000,12.852224,46.974487,gps,Canis lupus,Slavc,Slavc,Slavc Dispersal (approx.)
9800000235,true,2012-01-22 09:05:24.000,12.829712,46.97189,gps,Canis lupus,Slavc,Slavc,Slavc Dispersal (approx.)
9800000236,true,2012-01-22 12:36:04.000,12.807199,46.969292,gps,Canis lupus,Slavc,Slavc,Slavc Dispersal (approx.)
9800000237,true,2012-01-22 16:06:44.000,12.784687,46.966695,gps,Canis lupus,Slavc,Slavc,Slavc Dispersal (approx.)
9800000238,true,2012-01-22 19:37:23.000,12.762175,46.964097,gps,Canis lupus,Slavc,Slavc,Slavc Dispersal (approx.)
9800000239,true,2012-01-22 23:08:03.000,12.739663,46.9615,gps,Canis lupus,Slavc,Slavc,Slavc Dispersal (approx.)
9800000240,true,2012-01-23 02:38:43.000,12.71715,46.958902,gps,Canis lupus,Slavc,Slavc,Slavc Dispersal (approx.)
9800000241,true,2012-01-23 06:09:22.000,12.694638,46.956304,gps,Canis lupus,Slavc,Slavc,Slavc Dispersal (approx.)
9800000242,true,2012-01-23 09:40:02.000,12.672126,46.953707,gps,Canis lupus,Slavc,Slavc,Slavc Dispersal (approx.)
9800000243,true,2012-01-23 13:10:42.000,12.649613,46.951109,gps,Canis lupus,Slavc,Slavc,Slavc Dispersal (approx.)
9800000244,true,2012-01-23 16:41:21.000,12.628771,46.945406,gps,Canis lupus,Slavc,Slavc,Slavc Dispersal (approx.)
9800000245,true,2012-01-23 20:12:01.000,12.609173,46.937389,gps,Canis lupus,Slavc,Slavc,Slavc Dispersal (approx.)
9800000246,true,2012-01-23 23:42:41.000,12.589576,46.929372,gps,Canis lupus,Slavc,Slavc,Slavc Dispersal (approx.)
9800000247,true,2012-01-24 03:13:20.000,12.569978,46.921355,gps,Canis lupus,Slavc,Slavc,Slavc Dispersal (approx.)
9800000248,true,2012-01-24 06:44:00.000,12.55038,46.913337,gps,Canis lupus,Slavc,Slavc,Slavc Dispersal (approx.)
9800000249,true,2012-01-24 10:14:40.000,12.530782,46.90532,gps,Canis lupus,Slavc,Slavc,Slavc Dispersal (approx.)
9800000250,true,2012-01-24 13:45:19.000,12.511185,46.897303,gps,Canis lupus,Slavc,Slavc,Slavc Dispersal (approx.)
9800000251,true,2012-01-24 17:15:59.000,12.491587,46.889286,gps,Canis lupus,Slavc,Slavc,Slavc Dispersal (approx.)
9800000252,true,2012-01-24 20:46:39.000,12.471989,46.881268,gps,Canis lupus,Slavc,Slavc,Slavc Dispersal (approx.)
9800000253,true,2012-01-25 00:17:18.000,12.452392,46.873251,gps,Canis lupus,Slavc,Slavc,Slavc Dispersal (approx.)
9800000254,true,2012-01-25 03:47:58.000,12.432794,46.865234,gps,Canis lupus,Slavc,Slavc,Slavc Dispersal (approx.)
9800000255,true,2012-01-25 07:18:38.000,12.41301,46.857458,gps,Canis lupus,Slavc,Slavc,Slavc Dispersal (approx.)
9800000256,true,2012-01-25 10:49:17.000,12.392877,46.850137,gps,Canis lupus,Slavc,Slavc,Slavc Dispersal (approx.)
9800000257,true,2012-01-25 14:19:57.000,12.372744,46.842816,gps,Canis lupus,Slavc,Slavc,Slavc Dispersal (approx.)
9800000258,true,2012-01-25 17:50:37.000,12.35261,46.835495,gps,Canis lupus,Slavc,Slavc,Slavc Dispersal (approx.)
9800000259,true,2012-01-25 21:21:16.000,12.332477,46.828173,gps,Canis lupus,Slavc,Slavc,Slavc Dispersal (approx.)
9800000260,true,2012-01-26 00:51:56.000,12.312344,46.820852,gps,Canis lupus,Slavc,Slavc,Slavc Dispersal (approx.)
9800000261,true,2012-01-26 04:22:36.000,12.29221,46.813531,gps,Canis lupus,Slavc,Slavc,Slavc Dispersal (approx.)
9800000262,true,2012-01-26 07:53:15.000,12.272077,46.80621,gps,Canis lupus,Slavc,Slavc,Slavc Dispersal (approx.)
9800000263,true,2012-01-26 11:23:55.000,12.251944,46.798889,gps,Canis lupus,Slavc,Slavc,Slavc Dispersal (approx.)
9800000264,true,2012-01-26 14:54:35.000,12.23181,46.791567,gps,Canis lupus,Slavc,Slavc,Slavc Dispersal (approx.)
9800000265,true,2012-01-26 18:25:15.000,12.211677,46.784246,gps,Canis lupus,Slavc,Slavc,Slavc Dispersal (approx.)
9800000266,true,2012-01-26 21:55:54.000,12.191179,46.77748,gps,Canis lupus,Slavc,Slavc,Slavc Dispersal (approx.)
9800000267,true,2012-01-27 01:26:34.000,12.170176,46.771479,gps,Canis lupus,Slavc,Slavc,Slavc Dispersal (approx.)
9800000268,true,2012-01-27 04:57:14.000,12.149174,46.765478,gps,Canis lupus,Slavc,Slavc,Slavc Dispersal (approx.)
9800000269,true,2012-01-27 08:27:53.000,12.128171,46.759477,gps,Canis lupus,Slavc,Slavc,Slavc Dispersal (approx.)
9800000270,true,2012-01-27 11:58:33.000,12.107169,46.753477,gps,Canis lupus,Slavc,Slavc,Slavc Dispersal (approx.)
9800000271,true,2012-01-27 15:29:13.000,12.086166,46.747476,gps,Canis lupus,Slavc,Slavc,Slavc Dispersal (approx.)
9800000272,true,2012-01-27 18:59:52.000,12.065164,46.741475,gps,Canis lupus,Slavc,Slavc,Slavc Dispersal (approx.)
9800000273,true,2012-01-27 22:30:32.000,12.044161,46.735475,gps,Canis lupus,Slavc,Slavc,Slavc Dispersal (approx.)
9800000274,true,2012-01-28 02:01:12.000,12.023159,46.729474,gps,Canis lupus,Slavc,Slavc,Slavc Dispersal (approx.)
9800000275,true,2012-01-28 05:31:51.000,12.002156,46.723473,gps,Canis lupus,Slavc,Slavc,Slavc Dispersal (approx.)
9800000276,true,2012-01-28 09:02:31.000,11.981154,46.717473,gps,Canis lupus,Slavc,Slavc,Slavc Dispersal (approx.)
9800000277,true,2012-01-28 12:33:11.000,11.960151,46.711472,gps,Canis lupus,Slavc,Slavc,Slavc Dispersal (approx.)
9800000278,true,2012-01-28 16:03:50.000,11.939149,46.705471,gps,Canis lupus,Slavc,Slavc,Slavc Dispersal (approx.)
9800000279,true,2012-01-28 19:34:30.000,11.918097,46.699567,gps,Canis lupus,Slavc,Slavc,Slavc Dispersal (approx.)
9800000280,true,2012-01-28 23:05:10.000,11.896529,46.694666,gps,Canis lupus,Slavc,Slavc,Slavc Dispersal (approx.)
9800000281,true,2012-01-29 02:35:49.000,11.874962,46.689764,gps,Canis lupus,Slavc,Slavc,Slavc Dispersal (approx.)
9800000282,true,2012-01-29 06:06:29.000,11.853394,46.684862,gps,Canis lupus,Slavc,Slavc,Slavc Dispersal (approx.)
9800000283,true,2012-01-29 09:37:09.000,11.831827,46.679961,gps,Canis lupus,Slavc,Slavc,Slavc Dispersal (approx.)
9800000284,true,2012-01-29 13:07:48.000,11.810259,46.675059,gps,Canis lupus,Slavc,Slavc,Slavc Dispersal (approx.)
9800000285,true,2012-01-29 16:38:28.000,11.788692,46.670157,gps,Canis lupus,Slavc,Slavc,Slavc Dispersal (approx.)
9800000286,true,2012-01-29 20:09:08.000,11.767125,46.665256,gps,Canis lupus,Slavc,Slavc,Slavc Dispersal (approx.)
9800000287,true,2012-01-29 23:39:47.000,11.745557,46.660354,gps,Canis lupus,Slavc,Slavc,Slavc Dispersal (approx.)
9800000288,true,2012-01-30 03:10:27.000,11.72399,46.655452,gps,Canis lupus,Slavc,Slavc,Slavc Dispersal (approx.)
9800000289,true,2012-01-30 06:41:07.000,11.702422,46.650551,gps,Canis lupus,Slavc,Slavc,Slavc Dispersal (approx.)
9800000290,true,2012-01-30 10:11:47.000,11.685508,46.640339,gps,Canis lupus,Slavc,Slavc,Slavc Dispersal (approx.)
9800000291,true,2012-01-30 13:42:26.000,11.669183,46.629455,gps,Canis lupus,Slavc,Slavc,Slavc Dispersal (approx.)
9800000292,true,2012-01-30 17:13:06.000,11.652857,46.618571,gps,Canis lupus,Slavc,Slavc,Slavc Dispersal (approx.)
9800000293,true,2012-01-30 20:43:46.000,11.636532,46.607688,gps,Canis lupus,Slavc,Slavc,Slavc Dispersal (approx.)
9800000294,true,2012-01-31 00:14:25.000,11.620206,46.596804,gps,Canis lupus,Slavc,Slavc,Slavc Dispersal (approx.)
9800000295,true,2012-01-31 03:45:05.000,11.603881,46.585921,gps,Canis lupus,Slavc,Slavc,Slavc Dispersal (approx.)
9800000296,true,2012-01-31 07:15:45.000,11.587555,46.575037,gps,Canis lupus,Slavc,Slavc,Slavc Dispersal (approx.)
9800000297,true,2012-01-31 10:46:24.000,11.57123,46.564153,gps,Canis lupus,Slavc,Slavc,Slavc Dispersal (approx.)
9800000298,true,2012-01-31 14:17:04.000,11.554905,46.55327,gps,Canis lupus,Slavc,Slavc,Slavc Dispersal (approx.)
9800000299,true,2012-01-31 17:47:44.000,11.55664,46.540041,gps,Canis lupus,Slavc,Slavc,Slavc Dispersal (approx.)
9800000300,true,2012-01-31 21:18:23.000,11.566131,46.525804,gps,Canis lupus,Slavc,Slavc,Slavc Dispersal (approx.)
9800000301,true,2012-02-01 00:49:03.000,11.575622,46.511568,gps,Canis lupus,Slavc,Slavc,Slavc Dispersal (approx.)
9800000302,true,2012-02-01 04:19:43.000,11.585113,46.497331,gps,Canis lupus,Slavc,Slavc,Slavc Dispersal (approx.)
9800000303,true,2012-02-01 07:50:22.000,11.594604,46.483095,gps,Canis lupus,Slavc,Slavc,Slavc Dispersal (approx.)
9800000304,true,2012-02-01 11:21:02.000,11.604095,46.468858,gps,Canis lupus,Slavc,Slavc,Slavc Dispersal (approx.)
9800000305,true,2012-02-01 14:51:42.000,11.613586,46.454622,gps,Canis lupus,Slavc,Slavc,Slavc Dispersal (approx.)
9800000306,true,2012-02-01 18:22:21.000,11.623077,46.440385,gps,Canis lupus,Slavc,Slavc,Slavc Dispersal (approx.)
9800000307,true,2012-02-01 21:53:01.000,11.632568,46.426149,gps,Canis lupus,Slavc,Slavc,Slavc Dispersal (approx.)
9800000308,true,2012-02-02 01:23:41.000,11.642059,46.411912,gps,Canis lupus,Slavc,Slavc,Slavc Dispersal (approx.)
9800000309,true,2012-02-02 04:54:20.000,11.650631,46.397477,gps,Canis lupus,Slavc,Slavc,Slavc Dispersal (approx.)
9800000310,true,2012-02-02 08:25:00.000,11.654494,46.382025,gps,Canis lupus,Slavc,Slavc,Slavc Dispersal (approx.)
9800000311,true,2012-02-02 11:55:40.000,11.658357,46.366573,gps,Canis lupus,Slavc,Slavc,Slavc Dispersal (approx.)
9800000312,true,2012-02-02 15:26:19.000,11.66222,46.351122,gps,Canis lupus,Slavc,Slavc,Slavc Dispersal (approx.)
9800000313,true,2012-02-02 18:56:59.000,11.666083,46.33567,gps,Canis lupus,Slavc,Slavc,Slavc Dispersal (approx.)
9800000314,true,2012-02-02 22:27:39.000,11.669945,46.320218,gps,Canis lupus,Slavc,Slavc,Slavc Dispersal (approx.)
9800000315,true,2012-02-03 01:58:18.000,11.673808,46.304766,gps,Canis lupus,Slavc,Slavc,Slavc Dispersal (approx.)
9800000316,true,2012-02-03 05:28:58.000,11.677671,46.289314,gps,Canis lupus,Slavc,Slavc,Slavc Dispersal (approx.)
9800000317,true,2012-02-03 08:59:38.000,11.681534,46.273863,gps,Canis lupus,Slavc,Slavc,Slavc Dispersal (approx.)
9800000318,true,2012-02-03 12:30:18.000,11.685397,46.258411,gps,Canis lupus,Slavc,Slavc,Slavc Dispersal (approx.)
9800000319,true,2012-02-03 16:00:57.000,11.68926,46.242959,gps,Canis lupus,Slavc,Slavc,Slavc Dispersal (approx.)
9800000320,true,2012-02-03 19:31:37.000,11.693123,46.227507,gps,Canis lupus,Slavc,Slavc,Slavc Dispersal (approx.)
9800000321,true,2012-02-03 23:02:17.000,11.696986,46.212055,gps,Canis lupus,Slavc,Slavc,Slavc Dispersal (approx.)
9800000322,true,2012-02-04 02:32:56.000,11.697173,46.197173,gps,Canis lupus,Slavc,Slavc,Slavc Dispersal (approx.)
9800000323,true,2012-02-04 06:03:36.000,11.684312,46.184312,gps,Canis lupus,Slavc,Slavc,Slavc Dispersal (approx.)
9800000324,true,2012-02-04 09:34:16.000,11.671451,46.171451,gps,Canis lupus,Slavc,Slavc,Slavc Dispersal (approx.)
9800000325,true,2012-02-04 13:04:55.000,11.65859,46.15859,gps,Canis lupus,Slavc,Slavc,Slavc Dispersal (approx.)
9800000326,true,2012-02-04 16:35:35.000,11.645729,46.145729,gps,Canis lupus,Slavc,Slavc,Slavc Dispersal (approx.)
9800000327,true,2012-02-04 20:06:15.000,11.632868,46.132868,gps,Canis lupus,Slavc,Slavc,Slavc Dispersal (approx.)
9800000328,true,2012-02-04 23:36:54.000,11.620007,46.120007,gps,Canis lupus,Slavc,Slavc,Slavc Dispersal (approx.)
9800000329,true,2012-02-05 03:07:34.000,11.607147,46.107147,gps,Canis lupus,Slavc,Slavc,Slavc Dispersal (approx.)
9800000330,true,2012-02-05 06:38:14.000,11.594286,46.094286,gps,Canis lupus,Slavc,Slavc,Slavc Dispersal (approx.)
9800000331,true,2012-02-05 10:08:53.000,11.581425,46.081425,gps,Canis lupus,Slavc,Slavc,Slavc Dispersal (approx.)
9800000332,true,2012-02-05 13:39:33.000,11.568564,46.068564,gps,Canis lupus,Slavc,Slavc,Slavc Dispersal (approx.)
9800000333,true,2012-02-05 17:10:13.000,11.555703,46.055703,gps,Canis lupus,Slavc,Slavc,Slavc Dispersal (approx.)
9800000334,true,2012-02-05 20:40:52.000,11.542842,46.042842,gps,Canis lupus,Slavc,Slavc,Slavc Dispersal (approx.)
9800000335,true,2012-02-06 00:11:32.000,11.529981,46.029981,gps,Canis lupus,Slavc,Slavc,Slavc Dispersal (approx.)
9800000336,true,2012-02-06 03:42:12.000,11.521657,46.016685,gps,Canis lupus,Slavc,Slavc,Slavc Dispersal (approx.)
9800000337,true,2012-02-06 07:12:51.000,11.529059,46.001882,gps,Canis lupus,Slavc,Slavc,Slavc Dispersal (approx.)
9800000338,true,2012-02-06 10:43:31.000,11.536461,45.987078,gps,Canis lupus,Slavc,Slavc,Slavc Dispersal (approx.)
9800000339,true,2012-02-06 14:14:11.000,11.543863,45.972274,gps,Canis lupus,Slavc,Slavc,Slavc Dispersal (approx.)
9800000340,true,2012-02-06 17:44:50.000,11.551265,45.957471,gps,Canis lupus,Slavc,Slavc,Slavc Dispersal (approx.)
9800000341,true,2012-02-06 21:15:30.000,11.558666,45.942667,gps,Canis lupus,Slavc,Slavc,Slavc Dispersal (approx.)
9800000342,true,2012-02-07 00:46:10.000,11.566068,45.927864,gps,Canis lupus,Slavc,Slavc,Slavc Dispersal (approx.)
9800000343,true,2012-02-07 04:16:50.000,11.57347,45.91306,gps,Canis lupus,Slavc,Slavc,Slavc Dispersal (approx.)
9800000344,true,2012-02-07 07:47:29.000,11.5778,45.898984,gps,Canis lupus,Slavc,Slavc,Slavc Dispersal (approx.)
9800000345,true,2012-02-07 11:18:09.000,11.559113,45.89036,gps,Canis lupus,Slavc,Slavc,Slavc Dispersal (approx.)
9800000346,true,2012-02-07 14:48:49.000,11.540426,45.881735,gps,Canis lupus,Slavc,Slavc,Slavc Dispersal (approx.)
9800000347,true,2012-02-07 18:19:28.000,11.521739,45.87311,gps,Canis lupus,Slavc,Slavc,Slavc Dispersal (approx.)
9800000348,true,2012-02-07 21:50:08.000,11.503052,45.864485,gps,Canis lupus,Slavc,Slavc,Slavc Dispersal (approx.)
9800000349,true,2012-02-08 01:20:48.000,11.484365,45.855861,gps,Canis lupus,Slavc,Slavc,Slavc Dispersal (approx.)
9800000350,true,2012-02-08 04:51:27.000,11.465678,45.847236,gps,Canis lupus,Slavc,Slavc,Slavc Dispersal (approx.)
9800000351,true,2012-02-08 08:22:07.000,11.446971,45.838637,gps,Canis lupus,Slavc,Slavc,Slavc Dispersal (approx.)
9800000352,true,2012-02-08 11:52:47.000,11.428161,45.830172,gps,Canis lupus,Slavc,Slavc,Slavc Dispersal (approx.)
9800000353,true,2012-02-08 15:23:26.000,11.409351,45.821708,gps,Canis lupus,Slavc,Slavc,Slavc Dispersal (approx.)
9800000354,true,2012-02-08 18:54:06.000,11.390541,45.813243,gps,Canis lupus,Slavc,Slavc,Slavc Dispersal (approx.)
9800000355,true,2012-02-08 22:24:46.000,11.371731,45.804779,gps,Canis lupus,Slavc,Slavc,Slavc Dispersal (approx.)
9800000356,true,2012-02-09 01:55:25.000,11.352921,45.796314,gps,Canis lupus,Slavc,Slavc,Slavc Dispersal (approx.)
9800000357,true,2012-02-09 05:26:05.000,11.334111,45.78785,gps,Canis lupus,Slavc,Slavc,Slavc Dispersal (approx.)
9800000358,true,2012-02-09 08:56:45.000,11.315301,45.779385,gps,Canis lupus,Slavc,Slavc,Slavc Dispersal (approx.)
9800000359,true,2012-02-09 12:27:24.000,11.296491,45.770921,gps,Canis lupus,Slavc,Slavc,Slavc Dispersal (approx.)
9800000360,true,2012-02-09 15:58:04.000,11.27768,45.762456,gps,Canis lupus,Slavc,Slavc,Slavc Dispersal (approx.)
9800000361,true,2012-02-09 19:28:44.000,11.25887,45.753992,gps,Canis lupus,Slavc,Slavc,Slavc Dispersal (approx.)
9800000362,true,2012-02-09 22:59:23.000,11.241346,45.744375,gps,Canis lupus,Slavc,Slavc,Slavc Dispersal (approx.)
9800000363,true,2012-02-10 02:30:03.000,11.224969,45.73373,gps,Canis lupus,Slavc,Slavc,Slavc Dispersal (approx.)
9800000364,true,2012-02-10 06:00:43.000,11.208593,45.723085,gps,Canis lupus,Slavc,Slavc,Slavc Dispersal (approx.)
9800000365,true,2012-02-10 09:31:22.000,11.192216,45.71244,gps,Canis lupus,Slavc,Slavc,Slavc Dispersal (approx.)
9800000366,true,2012-02-10 13:02:02.000,11.175839,45.701795,gps,Canis lupus,Slavc,Slavc,Slavc Dispersal (approx.)
9800000367,true,2012-02-10 16:32:42.000,11.159462,45.691151,gps,Canis lupus,Slavc,Slavc,Slavc Dispersal (approx.)
9800000368,true,2012-02-10 20:03:22.000,11.143086,45.680506,gps,Canis lupus,Slavc,Slavc,Slavc Dispersal (approx.)
9800000369,true,2012-02-10 23:34:01.000,11.126709,45.669861,gps,Canis lupus,Slavc,Slavc,Slavc Dispersal (approx.)
9800000370,true,2012-02-11 03:04:41.000,11.110332,45.659216,gps,Canis lupus,Slavc,Slavc,Slavc Dispersal (approx.)
9800000371,true,2012-02-11 06:35:21.000,11.093956,45.648571,gps,Canis lupus,Slavc,Slavc,Slavc Dispersal (approx.)
9800000372,true,2012-02-11 10:06:00.000,11.077579,45.637926,gps,Canis lupus,Slavc,Slavc,Slavc Dispersal (approx.)
9800000373,true,2012-02-11 13:36:40.000,11.061202,45.627281,gps,Canis lupus,Slavc,Slavc,Slavc Dispersal (approx.)
9800000374,true,2012-02-11 17:07:20.000,11.04525,45.616346,gps,Canis lupus,Slavc,Slavc,Slavc Dispersal (approx.)
9800000375,true,2012-02-11 20:37:59.000,11.030217,45.604782,gps,Canis lupus,Slavc,Slavc,Slavc Dispersal (approx.)
9800000376,true,2012-02-12 00:08:39.000,11.015183,45.593218,gps,Canis lupus,Slavc,Slavc,Slavc Dispersal (approx.)
9800000377,true,2012-02-12 03:39:19.000,11.00015,45.581654,gps,Canis lupus,Slavc,Slavc,Slavc Dispersal (approx.)
9800000378,true,2012-02-12 07:09:58.000,10.985117,45.57009,gps,Canis lupus,Slavc,Slavc,Slavc Dispersal (approx.)
9800000379,true,2012-02-12 10:40:38.000,10.970084,45.558526,gps,Canis lupus,Slavc,Slavc,Slavc Dispersal (approx.)
9800000380,true,2012-02-12 14:11:18.000,10.95505,45.546962,gps,Canis lupus,Slavc,Slavc,Slavc Dispersal (approx.)
9800000381,true,2012-02-12 17:41:57.000,10.940017,45.535398,gps,Canis lupus,Slavc,Slavc,Slavc Dispersal (approx.)
9800000382,true,2012-02-12 21:12:37.000,10.924984,45.523834,gps,Canis lupus,Slavc,Slavc,Slavc Dispersal (approx.)
9800000383,true,2012-02-13 00:43:17.000,10.914345,45.510306,gps,Canis lupus,Slavc,Slavc,Slavc Dispersal (approx.)
9800000384,true,2012-02-13 04:13:56.000,10.905886,45.495804,gps,Canis lupus,Slavc,Slavc,Slavc Dispersal (approx.)
9800000385,true,2012-02-13 07:44:36.000,10.897427,45.481303,gps,Canis lupus,Slavc,Slavc,Slavc Dispersal (approx.)
9800000386,true,2012-02-13 11:15:16.000,10.888967,45.466801,gps,Canis lupus,Slavc,Slavc,Slavc Dispersal (approx.)
9800000387,true,2012-02-13 14:45:55.000,10.880508,45.4523,gps,Canis lupus,Slavc,Slavc,Slavc Dispersal (approx.)
9800000388,true,2012-02-13 18:16:35.000,10.872049,45.437798,gps,Canis lupus,Slavc,Slavc,Slavc Dispersal (approx.)
9800000389,true,2012-02-13 21:47:15.000,10.86359,45.423296,gps,Canis lupus,Slavc,Slavc,Slavc Dispersal (approx.)
9800000390,true,2012-02-14 01:17:54.000,10.85513,45.408795,gps,Canis lupus,Slavc,Slavc,Slavc Dispersal (approx.)
9800000391,true,2012-02-14 04:48:34.000,10.843917,45.395576,gps,Canis lupus,Slavc,Slavc,Slavc Dispersal (approx.)
9800000392,true,2012-02-14 08:19:14.000,10.828458,45.384333,gps,Canis lupus,Slavc,Slavc,Slavc Dispersal (approx.)
9800000393,true,2012-02-14 11:49:53.000,10.812999,45.37309,gps,Canis lupus,Slavc,Slavc,Slavc Dispersal (approx.)
9800000394,true,2012-02-14 15:20:33.000,10.797541,45.361848,gps,Canis lupus,Slavc,Slavc,Slavc Dispersal (approx.)
9800000395,true,2012-02-14 18:51:13.000,10.782082,45.350605,gps,Canis lupus,Slavc,Slavc,Slavc Dispersal (approx.)
9800000396,true,2012-02-14 22:21:53.000,10.766623,45.339363,gps,Canis lupus,Slavc,Slavc,Slavc Dispersal (approx.)
9800000397,true,2012-02-15 01:52:32.000,10.751165,45.32812,gps,Canis lupus,Slavc,Slavc,Slavc Dispersal (approx.)
9800000398,true,2012-02-15 05:23:12.000,10.74378,45.316564,gps,Canis lupus,Slavc,Slavc,Slavc Dispersal (approx.)
9800000399,true,2012-02-15 08:53:52.000,10.757387,45.304194,gps,Canis lupus,Slavc,Slavc,Slavc Dispersal (approx.)
9800000400,true,2012-02-15 12:24:31.000,10.770995,45.291823,gps,Canis lupus,Slavc,Slavc,Slavc Dispersal (approx.)
9800000401,true,2012-02-15 15:55:11.000,10.784602,45.279453,gps,Canis lupus,Slavc,Slavc,Slavc Dispersal (approx.)
9800000402,true,2012-02-15 19:25:51.000,10.798209,45.267082,gps,Canis lupus,Slavc,Slavc,Slavc Dispersal (approx.)
9800000403,true,2012-02-15 22:56:30.000,10.811817,45.254712,gps,Canis lupus,Slavc,Slavc,Slavc Dispersal (approx.)
9800000404,true,2012-02-16 02:27:10.000,10.825424,45.242341,gps,Canis lupus,Slavc,Slavc,Slavc Dispersal (approx.)
9800000405,true,2012-02-16 05:57:50.000,10.839032,45.229971,gps,Canis lupus,Slavc,Slavc,Slavc Dispersal (approx.)
9800000406,true,2012-02-16 09:28:29.000,10.854231,45.219502,gps,Canis lupus,Slavc,Slavc,Slavc Dispersal (approx.)
9800000407,true,2012-02-16 12:59:09.000,10.876046,45.216936,gps,Canis lupus,Slavc,Slavc,Slavc Dispersal (approx.)
9800000408,true,2012-02-16 16:29:49.000,10.89786,45.214369,gps,Canis lupus,Slavc,Slavc,Slavc Dispersal (approx.)
9800000409,true,2012-02-16 20:00:28.000,10.919675,45.211803,gps,Canis lupus,Slavc,Slavc,Slavc Dispersal (approx.)
9800000410,true,2012-02-16 23:31:08.000,10.941489,45.209237,gps,Canis lupus,Slavc,Slavc,Slavc Dispersal (approx.)
9800000411,true,2012-02-17 03:01:48.000,10.963304,45.20667,gps,Canis lupus,Slavc,Slavc,Slavc Dispersal (approx.)
9800000412,true,2012-02-17 06:32:27.000,10.985119,45.204104,gps,Canis lupus,Slavc,Slavc,Slavc Dispersal (approx.)
9800000413,true,2012-02-17 10:03:07.000,11.006933,45.201537,gps,Canis lupus,Slavc,Slavc,Slavc Dispersal (approx.)
9800000414,true,2012-02-17 13:33:47.000,11.025749,45.204791,gps,Canis lupus,Slavc,Slavc,Slavc Dispersal (approx.)
9800000415,true,2012-02-17 17:04:26.000,11.040085,45.216738,gps,Canis lupus,Slavc,Slavc,Slavc Dispersal (approx.)
9800000416,true,2012-02-17 20:35:06.000,11.054422,45.228685,gps,Canis lupus,Slavc,Slavc,Slavc Dispersal (approx.)
9800000417,true,2012-02-18 00:05:46.000,11.068758,45.240632,gps,Canis lupus,Slavc,Slavc,Slavc Dispersal (approx.)
9800000418,true,2012-02-18 03:36:25.000,11.083094,45.252579,gps,Canis lupus,Slavc,Slavc,Slavc Dispersal (approx.)
9800000419,true,2012-02-18 07:07:05.000,11.097431,45.264526,gps,Canis lupus,Slavc,Slavc,Slavc Dispersal (approx.)
9800000420,true,2012-02-18 10:37:45.000,11.111767,45.276473,gps,Canis lupus,Slavc,Slavc,Slavc Dispersal (approx.)
9800000421,true,2012-02-18 14:08:25.000,11.126103,45.28842,gps,Canis lupus,Slavc,Slavc,Slavc Dispersal (approx.)
9800000422,true,2012-02-18 17:39:04.000,11.139844,45.300468,gps,Canis lupus,Slavc,Slavc,Slavc Dispersal (approx.)
9800000423,true,2012-02-18 21:09:44.000,11.134755,45.315734,gps,Canis lupus,Slavc,Slavc,Slavc Dispersal (approx.)
9800000424,true,2012-02-19 00:40:24.000,11.129667,45.330999,gps,Canis lupus,Slavc,Slavc,Slavc Dispersal (approx.)
9800000425,true,2012-02-19 04:11:03.000,11.124578,45.346265,gps,Canis lupus,Slavc,Slavc,Slavc Dispersal (approx.)
9800000426,true,2012-02-19 07:41:43.000,11.11949,45.36153,gps,Canis lupus,Slavc,Slavc,Slavc Dispersal (approx.)
9800000427,true,2012-02-19 11:12:23.000,11.114401,45.376796,gps,Canis lupus,Slavc,Slavc,Slavc Dispersal (approx.)
9800000428,true,2012-02-19 14:43:02.000,11.109313,45.392061,gps,Canis lupus,Slavc,Slavc,Slavc Dispersal (approx.)
9800000429,true,2012-02-19 18:13:42.000,11.104224,45.407327,gps,Canis lupus,Slavc,Slavc,Slavc Dispersal (approx.)
9800000430,true,2012-02-19 21:44:22.000,11.099136,45.422592,gps,Canis lupus,Slavc,Slavc,Slavc Dispersal (approx.)
9800000431,true,2012-02-20 01:15:01.000,11.094047,45.437858,gps,Canis lupus,Slavc,Slavc,Slavc Dispersal (approx.)
9800000432,true,2012-02-20 04:45:41.000,11.088959,45.453123,gps,Canis lupus,Slavc,Slavc,Slavc Dispersal (approx.)
9800000433,true,2012-02-20 08:16:21.000,11.08387,45.468389,gps,Canis lupus,Slavc,Slavc,Slavc Dispersal (approx.)
9800000434,true,2012-02-20 11:47:00.000,11.076016,45.48249,gps,Canis lupus,Slavc,Slavc,Slavc Dispersal (approx.)
9800000435,true,2012-02-20 15:17:40.000,11.059373,45.492892,gps,Canis lupus,Slavc,Slavc,Slavc Dispersal (approx.)
9800000436,true,2012-02-20 18:48:20.000,11.04273,45.503294,gps,Canis lupus,Slavc,Slavc,Slavc Dispersal (approx.)
9800000437,true,2012-02-20 22:18:59.000,11.026087,45.513696,gps,Canis lupus,Slavc,Slavc,Slavc Dispersal (approx.)
9800000438,true,2012-02-21 01:49:39.000,11.009443,45.524098,gps,Canis lupus,Slavc,Slavc,Slavc Dispersal (approx.)
9800000439,true,2012-02-21 05:20:19.000,10.9928,45.5345,gps,Canis lupus,Slavc,Slavc,Slavc Dispersal (approx.)
9800000440,true,2012-02-21 08:50:58.000,10.976157,45.544902,gps,Canis lupus,Slavc,Slavc,Slavc Dispersal (approx.)
9800000441,true,2012-02-21 12:21:38.000,10.959514,45.555304,gps,Canis lupus,Slavc,Slavc,Slavc Dispersal (approx.)
9800000442,true,2012-02-21 15:52:18.000,10.942871,45.565706,gps,Canis lupus,Slavc,Slavc,Slavc Dispersal (approx.)
9800000443,true,2012-02-21 19:22:57.000,10.926227,45.576108,gps,Canis lupus,Slavc,Slavc,Slavc Dispersal (approx.)
9800000444,true,2012-02-21 22:53:37.000,10.906868,45.583283,gps,Canis lupus,Slavc,Slavc,Slavc Dispersal (approx.)
9800000445,true,2012-02-22 02:24:17.000,10.885885,45.588529,gps,Canis lupus,Slavc,Slavc,Slavc Dispersal (approx.)
9800000446,true,2012-02-22 05:54:56.000,10.864901,45.593775,gps,Canis lupus,Slavc,Slavc,Slavc Dispersal (approx.)
9800000447,true,2012-02-22 09:25:36.000,10.843918,45.599021,gps,Canis lupus,Slavc,Slavc,Slavc Dispersal (approx.)
9800000448,true,2012-02-22 12:56:16.000,10.822934,45.604266,gps,Canis lupus,Slavc,Slavc,Slavc Dispersal (approx.)
9800000449,true,2012-02-22 16:26:56.000,10.801951,45.609512,gps,Canis lupus,Slavc,Slavc,Slavc Dispersal (approx.)
9800000450,true,2012-02-22 19:57:35.000,10.780968,45.614758,gps,Canis lupus,Slavc,Slavc,Slavc Dispersal (approx.)
9800000451,true,2012-02-22 23:28:15.000,10.759988,45.619992,gps,Canis lupus,Slavc,Slavc,Slavc Dispersal (approx.)
9800000452,true,2012-02-23 02:58:55.000,10.744197,45.608938,gps,Canis lupus,Slavc,Slavc,Slavc Dispersal (approx.)
9800000453,true,2012-02-23 06:29:34.000,10.728406,45.597884,gps,Canis lupus,Slavc,Slavc,Slavc Dispersal (approx.)
9800000454,true,2012-02-23 10:00:14.000,10.712614,45.58683,gps,Canis lupus,Slavc,Slavc,Slavc Dispersal (approx.)
9800000455,true,2012-02-23 13:30:54.000,10.696823,45.575776,gps,Canis lupus,Slavc,Slavc,Slavc Dispersal (approx.)
9800000456,true,2012-02-23 17:01:33.000,10.681032,45.564722,gps,Canis lupus,Slavc,Slavc,Slavc Dispersal (approx.)
9800000457,true,2012-02-23 20:32:13.000,10.665241,45.553668,gps,Canis lupus,Slavc,Slavc,Slavc Dispersal (approx.)
9800000458,true,2012-02-24 00:02:53.000,10.665334,45.540221,gps,Canis lupus,Slavc,Slavc,Slavc Dispersal (approx.)
9800000459,true,2012-02-24 03:33:32.000,10.673318,45.525584,gps,Canis lupus,Slavc,Slavc,Slavc Dispersal (approx.)
9800000460,true,2012-02-24 07:04:12.000,10.681302,45.510947,gps,Canis lupus,Slavc,Slavc,Slavc Dispersal (approx.)
9800000461,true,2012-02-24 10:34:52.000,10.689285,45.49631,gps,Canis lupus,Slavc,Slavc,Slavc Dispersal (approx.)
9800000462,true,2012-02-24 14:05:31.000,10.697269,45.481674,gps,Canis lupus,Slavc,Slavc,Slavc Dispersal (approx.)
9800000463,true,2012-02-24 17:36:11.000,10.705253,45.467037,gps,Canis lupus,Slavc,Slavc,Slavc Dispersal (approx.)
9800000464,true,2012-02-24 21:06:51.000,10.713236,45.4524,gps,Canis lupus,Slavc,Slavc,Slavc Dispersal (approx.)
9800000465,true,2012-02-25 00:37:30.000,10.717807,45.438173,gps,Canis lupus,Slavc,Slavc,Slavc Dispersal (approx.)
9800000466,true,2012-02-25 04:08:10.000,10.703456,45.426213,gps,Canis lupus,Slavc,Slavc,Slavc Dispersal (approx.)
9800000467,true,2012-02-25 07:38:50.000,10.689105,45.414254,gps,Canis lupus,Slavc,Slavc,Slavc Dispersal (approx.)
9800000468,true,2012-02-25 11:09:29.000,10.674753,45.402295,gps,Canis lupus,Slavc,Slavc,Slavc Dispersal (approx.)
9800000469,true,2012-02-25 14:40:09.000,10.660402,45.390335,gps,Canis lupus,Slavc,Slavc,Slavc Dispersal (approx.)
9800000470,true,2012-02-25 18:10:49.000,10.646051,45.378376,gps,Canis lupus,Slavc,Slavc,Slavc Dispersal (approx.)
9800000471,true,2012-02-25 21:41:28.000,10.6317,45.366416,gps,Canis lupus,Slavc,Slavc,Slavc Dispersal (approx.)
9800000472,true,2012-02-26 01:12:08.000,10.617349,45.354457,gps,Canis lupus,Slavc,Slavc,Slavc Dispersal (approx.)
9800000473,true,2012-02-26 04:42:48.000,10.602997,45.342498,gps,Canis lupus,Slavc,Slavc,Slavc Dispersal (approx.)
9800000474,true,2012-02-26 08:13:28.000,10.60748,45.32878,gps,Canis lupus,Slavc,Slavc,Slavc Dispersal (approx.)
9800000475,true,2012-02-26 11:44:07.000,10.616934,45.314598,gps,Canis lupus,Slavc,Slavc,Slavc Dispersal (approx.)
9800000476,true,2012-02-26 15:14:47.000,10.626389,45.300417,gps,Canis lupus,Slavc,Slavc,Slavc Dispersal (approx.)
9800000477,true,2012-02-26 18:45:27.000,10.635843,45.286235,gps,Canis lupus,Slavc,Slavc,Slavc Dispersal (approx.)
9800000478,true,2012-02-26 22:16:06.000,10.645298,45.272053,gps,Canis lupus,Slavc,Slavc,Slavc Dispersal (approx.)
9800000479,true,2012-02-27 01:46:46.000,10.654752,45.257872,gps,Canis lupus,Slavc,Slavc,Slavc Dispersal (approx.)
9800000480,true,2012-02-27 05:17:26.000,10.664207,45.24369,gps,Canis lupus,Slavc,Slavc,Slavc Dispersal (approx.)
9800000481,true,2012-02-27 08:48:05.000,10.673661,45.229508,gps,Canis lupus,Slavc,Slavc,Slavc Dispersal (approx.)
9800000482,true,2012-02-27 12:18:45.000,10.686236,45.217328,gps,Canis lupus,Slavc,Slavc,Slavc Dispersal (approx.)
9800000483,true,2012-02-27 15:49:25.000,10.705157,45.209219,gps,Canis lupus,Slavc,Slavc,Slavc Dispersal (approx.)
9800000484,true,2012-02-27 19:20:04.000,10.724078,45.20111,gps,Canis lupus,Slavc,Slavc,Slavc Dispersal (approx.)
9800000485,true,2012-02-27 22:50:44.000,10.742998,45.193001,gps,Canis lupus,Slavc,Slavc,Slavc Dispersal (approx.)
9800000486,true,2012-02-28 02:21:24.000,10.761919,45.184892,gps,Canis lupus,Slavc,Slavc,Slavc Dispersal (approx.)
9800000487,true,2012-02-28 05:52:03.000,10.78084,45.176783,gps,Canis lupus,Slavc,Slavc,Slavc Dispersal (approx.)
9800000488,true,2012-02-28 09:22:43.000,10.799761,45.168674,gps,Canis lupus,Slavc,Slavc,Slavc Dispersal (approx.)
9800000489,true,2012-02-28 12:53:23.000,10.818682,45.160565,gps,Canis lupus,Slavc,Slavc,Slavc Dispersal (approx.)
9800000490,true,2012-02-28 16:24:02.000,10.833116,45.171243,gps,Canis lupus,Slavc,Slavc,Slavc Dispersal (approx.)
9800000491,true,2012-02-28 19:54:42.000,10.847215,45.183327,gps,Canis lupus,Slavc,Slavc,Slavc Dispersal (approx.)
9800000492,true,2012-02-28 23:25:22.000,10.861313,45.195411,gps,Canis lupus,Slavc,Slavc,Slavc Dispersal (approx.)
9800000493,true,2012-02-29 02:56:01.000,10.875411,45.207495,gps,Canis lupus,Slavc,Slavc,Slavc Dispersal (approx.)
9800000494,true,2012-02-29 06:26:41.000,10.889509,45.219579,gps,Canis lupus,Slavc,Slavc,Slavc Dispersal (approx.)
9800000495,true,2012-02-29 09:57:21.000,10.903607,45.231663,gps,Canis lupus,Slavc,Slavc,Slavc Dispersal (approx.)
9800000496,true,2012-02-29 13:28:00.000,10.917705,45.243748,gps,Canis lupus,Slavc,Slavc,Slavc Dispersal (approx.)
9800000497,true,2012-02-29 16:58:40.000,10.931804,45.255832,gps,Canis lupus,Slavc,Slavc,Slavc Dispersal (approx.)
9800000498,true,2012-02-29 20:29:20.000,10.945902,45.267916,gps,Canis lupus,Slavc,Slavc,Slavc Dispersal (approx.)
9800000499,true,2012-03-01 00:00:00.000,10.96,45.28,gps,Canis lupus,Slavc,Slavc,Slavc Dispersal (approx.)
